CNES,Quantidade_leitos,Leito_Complementar,Numero_Profissionais,Porte,NOME FANTASIA,RAZAO SOCIAL
2775948,11,0,32,Pequeno,SANTA CASA DE ABADIA DOS DOURADOS,SANTA CASA DE MISERICORDIA ABADIA DOS DOURADOS
2126796,44,0,65,Pequeno,HOSPITAL SAO VICENTE DE PAULO DE ABAETE,HOSPITAL SAO VICENTE DE PAULO DE ABAETE
2760991,59,3,63,Medio,HOSPITAL NOSSA SENHORA DA CONCEICAO,SANTA CASA DE ABRE CAMPO
2102404,16,0,19,Pequeno,HOSPITAL SANTANA DE AGUA BOA,FUNDACAO DE ASSISTENCIA SOCIAL SANTANA DE AGUA BOA
2183803,57,0,58,Medio,HOSPITAL SAO VICENTE DE PAULO DE AGUAS FORMOSAS,HOSPITAL SAO VICENTE DE PAULO
2139103,49,0,36,Pequeno,HOSPITAL SANTA LUCIA,FUNDACAO HOSPITAL MUNICIPAL SANTA LUCIA
2102587,56,0,91,Medio,HOSPITAL SAO JOSE SAO CAMILO,SOCIEDADE BENEFICIENTE SAO CAMILO
2760681,22,0,86,Pequeno,HOSPITAL SAO VICENTE DE PAULO,HOSPITAL SAO VICENTE DE PAULO
2761130,16,0,15,Pequeno,HOSPITAL DE ALAGOA,FUNDACAO MUNICIPAL DE SAUDE DE ALAGOA
2122677,79,8,176,Medio,HOSPITAL SAO SALVADOR,HOSPITAL SAO SALVADOR
2171945,155,43,322,Grande,SANTA CASA DE ALFENAS,CASA DE CARIDADE DE ALFENAS N S P SOCORRO
2171988,124,36,483,Medio,HOSPITAL UNIVERSITARIO ALZIRA VELANO,FUNDACAO DE ENSINO E TECNOLOGIA DE ALFENAS
2815214,18,0,46,Pequeno,IMESA,INSTITUTO DE MEDICINA ESPECILALIZADA DE ALFENAS
2108992,63,1,323,Medio,HOSPITAL DERALDO GUIMARAES,FUNDACAO DERALDO GUIMARAES
2139022,49,2,25,Pequeno,HOSPITAL BEMVINDO SAUDE,HOSPITAL BEMVINDO SAUDE LTDA
2761114,44,0,145,Pequeno,HOSPITAL CONEGO UBIRAJARA CABRAL,IRMANDADE DA SANTA CASA DE MISERICORDIA DE ALPINOPOLIS
2172852,38,0,45,Pequeno,SANTA CASA MISERICORDIA DE ALTEROSA,SANTA CASA MISERICORDIA DE ALTEROSA
2202638,16,2,25,Pequeno,HOSPITAL NOSSA SENHORA DA CONCEICAO,HOSPITAL DE ALTO RIO DOCE
2100371,34,0,58,Pequeno,HOSPITAL NOSSA SENHORA DE LOURDES DE ALVINOPOLIS,HOSPITAL NOSSA SENHORA DE LOURDES
2775956,69,0,190,Medio,SANTA CASA DE ANDRADAS,SANTA CASA DE MISERICORDIA DE ANDRADAS
2761262,22,0,21,Pequeno,HOSPITAL DR OTAVIO GONCALVES,HOSPITAL DR OTAVIO GONCALVES
2796767,21,0,33,Pequeno,SANTA CASA DE MISERICORDIA DE ANDRELANDIA,SANTA CASA DE MISERICORDIA DE ANDRELANDIA
5060761,22,2,76,Pequeno,HOSPITAL MUNICIPAL DR JOSE GUSTAVO ALVES,PREFEITURA MUNICIPAL DE ANDRELANDIA
2147572,15,0,47,Pequeno,PEQUENO HOSPITAL SANTA MARIA DE ANTONIO CARLOS,MUNICIPIO DE ANTONIO CARLOS
2134276,86,11,152,Medio,HOSPITAL SAO VICENTE DE PAULO ARACUAI,HOSPITAL SAO VICENTE DE PAULO
2145960,125,31,426,Medio,SANTA CASA DE MISERICORDIA DE ARAGUARI,SANTA CASA DE MISERICORDIA DE ARAGUARI
2146088,51,4,171,Medio,HOSPITAL SANTO ANTONIO LTDA,HOSPITAL SANTO ANTONIO LTDA
2146096,38,5,78,Pequeno,HOSPITAL SAO SEBASTIAO,HOSPITAL SAO SEBASTIAO LTDA
2760916,16,0,55,Pequeno,HOSPITAL JOAO PAULO II,PREFEITURA MUNICIPAL DE ARAPORA
2164612,25,2,67,Pequeno,HOSPITAL REGIONAL DOM BOSCO,MELHORAMENTOS DOM BOSCO SA
2164620,63,10,352,Medio,SANTA SANTA CASA DE MIAERICORDIA,ASSOC ASSIST SOCIAL DA SANTA CASA DE MISERICORDIA DE ARAXA
2180766,66,7,127,Medio,HOSPITAL CASA DO CAMINHO,OBRAS ASSISTENCIAIS CASA DO CAMINHO
9324003,52,10,105,Medio,HOSPITAL UNIMED ARAXA,UNIMED ARAXA COOPERATIVA DE TRABALHO MEDICO LTDA
2168693,42,0,116,Pequeno,SANTA CASA DE ARCOS,SANTA CASA DE ARCOS
6365612,14,0,63,Pequeno,HOSPITAL MUNICIPAL SAO JOSE DE ARCOS,PREFEITURA MUNICIPAL DE ARCOS
2168421,15,0,74,Pequeno,SANTA CASA DE MISERICORDIA DE AREADO,SANTA CASA DE MISERICORDIA DE AREADO
2118319,16,0,35,Pequeno,HOSPITAL NOSSA SENHORA APARECIDA,FUNDACAO MUNICIPAL DE SAUDE DE ARINOS
2178850,23,0,25,Pequeno,APROMIA,ASSOCIACAO DE PROTECAO A MATERNIDADE E A INFANCIA DE ATALEIA
2761106,74,10,192,Medio,HOSPITAL CONEGO MONTE RASO,SOCIEDADE CARITATIVA SAGRADO CORACAO DE JESUS
2105799,23,0,125,Pequeno,CASA DE SAUDE SAO FRANCISCO DE ASSIS DE BAMBUI,FUNDACAO HOSPITALAR DO ESTADO DE MINAS GERAIS
2143852,52,0,100,Medio,HOSPITAL NOSSA SENHORA DO BRASIL DE BAMBUI,HOSPITAL NOSSA SENHORA DO BRASIL
2168243,23,1,108,Pequeno,HOSPITAL MUNICIPAL WALDEMAR DAS DORES,PREFEITURA MUNICIPAL DE BARAO DE COCAIS
2098466,6,0,28,Pequeno,CLINICA MANTIQUEIRA LTDA,CLINICA MANTIQUEIRA LTDA
2098474,34,0,310,Pequeno,HOSPITAL POLICLINICA E MATERNIDADE DE BARBACENA,INSTITUTO MAT ASSIST A INFANCIA E POLICLINICA DE BARBACENA
2098741,8,0,48,Pequeno,HOSPITAL SAO FRANCISCO,HOSPITAL SAO FRANCISCO DE BARBACENA LTDA
2098938,135,17,701,Medio,HOSPITAL IBIAPABA CEBAMS,CENTRO BARBACENENSE DE ASSIST MEDICA E SOCIAL
2098946,13,0,395,Pequeno,C H P B FHEMIG,FUNDACAO HOSPITLAR DO ESTADO DE MINAS GERAIS
2138875,135,31,788,Medio,SANTA CASA MISERICORDIA BARBACENA,SANTA CASA DE MISERICORDIA DE BARBACENA
2138956,0,0,33,Pequeno,CASA DE SAUDE XAVIER LTDA,CASA DE SAUDE XAVIER LTDA
2138964,0,0,53,Pequeno,CASA DE SAUDE SANTA IZABEL LTDA,CASA DE SAUDE SANTA IZABEL LTDA
2138980,0,0,9,Pequeno,SITIO CECILIA MEIRELES,CENTRO DE ASSISTENCIA PSICOTERAPEUTICA LTDA
3538907,35,2,41,Pequeno,HOSPITAL DA ESCOLA PREPARATORIA DE CADETES DO AR,HOSPITAL DA ESCOLA PREPARATORIA DE CADETES DO AR
3698548,101,13,554,Medio,HOSPITAL REGIONAL DE BARBACENA DR JOSE AMERICO,FUNDACAO HOSPITALAR DO ESTADO DE MINAS GERAIS
2123061,49,1,89,Pequeno,INSTITUTO NOSSA SENHORA DO CARMO,INSTITUTO NOSSA SENHORA DO CARMO
26719,19,0,252,Pequeno,CENTRO OFTALMOLOGICO DE MINAS GERAIS,CENTRO OFTALMOLOGICO DE MINAS GERAIS SA
26727,156,16,429,Grande,HOSPITAL SEMPER,SEMPER SA SERVICO MEDICO PERMANENTE
26794,247,118,817,Grande,HOSPITAL SOFIA FELDMAN,FUNDACAO DE ASSISTENCIA INTEGRAL A SAUDE
26808,187,20,684,Grande,HOSPITAL EVANGELICO DE BELO HORIZONTE,ASSOCIACAO EVANGELICA BENEFICENTE DE MINAS GERAIS
26824,139,27,766,Medio,SOCOR,HOSPITAL SOCOR SA
26840,328,52,1729,Grande,COMPLEXO HOSPITALAR SAO FRANCISCO,FUNDACAO HOSPITALAR SAO FRANCISCO DE ASSIS FHSFA
26859,406,71,3967,Grande,HOSPITAL FELICIO ROCHO,FUNDACAO FELICE ROSSO
26913,2,0,288,Pequeno,HOSPITAL GALBA VELLOSO,FUNDACAO HOSPITALAR DO ESTADO DE MINAS GERAIS
26921,584,107,3142,Especial,HOSPITAL JOAO XXIII,FUNDACAO HOSPITALAR DO ESTADO DE MINAS GERAIS
26948,50,22,968,Pequeno,HOSPITAL INFANTIL JOAO PAULO II,FUNDACAO HOSPITALAR DO ESTADO DE MINAS GERAIS
26964,136,11,795,Medio,HOSPITAL ALBERTO CAVALCANTI,FUNDACAO HOSPITALAR DO ESTADO DE MINAS GERAIS
26972,191,55,911,Grande,MATERNIDADE ODETE VALADARES,FUNDACAO HOSPITALAR DO ESTADO DE MINAS GERAIS
26999,6,0,302,Pequeno,INSTITUTO RAUL SOARES,FUNDACAO HOSPITALAR DO ESTADO DE MINAS GERAIS
27014,846,185,5326,Especial,SANTA CASA DE BELO HORIZONTE,SANTA CASA DE MISERICORDIA DE BELO HORIZONTE
27022,361,46,1582,Grande,HOSPITAL JULIA KUBITSCHEK,FUNDACAO HOSPITALAR DO ESTADO DE MINAS GERAIS FHEMIG
27049,484,103,4908,Grande,HOSP DAS CLINICAS DA UNIV FED DE MINAS GERAIS EBSERH,EMPRESA BRASILEIRA DE SERVICOS HOSPITALARES EBSERH
27685,18,0,348,Pequeno,HOSPITAL INFANTIL SAO CAMILO UNIMED,UNIMED BELO HORIZONTE COOPERATIVA DE TRABALHO MEDICO
27693,31,0,296,Pequeno,HOSPITAL BELVEDERE,SANITAS POLICLINICA LTDA
27707,0,0,27,Pequeno,CLINICA PINEL,CLINICA PINEL SA
27715,1,0,44,Pequeno,CEPSI,CENTRAL PSIQUICA LTDA
27774,3,0,39,Pequeno,SANTA MARIA CENTRO DE ATENCAO EM PSIQUIATRIA,CASA DE SAUDE SANTA MARIA LTDA
27782,26,0,97,Pequeno,INSTITUTO DE OTORRINOLARINGOLOGIA DE MINAS GERAIS LTDA,INSTITUTO DE OTORRINOLARINGOLOGIA DE MINAS GERAIS LTDA
27820,12,0,113,Pequeno,HOSPITAL INFANTIL PADRE ANCHIETA LTDA,HOSPITAL INFANTIL PADRE ANCHIETA LTDA
27847,178,44,232,Grande,HOSPITAL VERA CRUZ,HOSPITAL VERA CRUZ SA
27863,348,45,1972,Grande,HOSPITAL RISOLETA TOLENTINO NEVES,FUNDACAO DESENVOLVIMENTO DA PESQUISA FUNDEP
27871,18,3,36,Pequeno,MATERNIDADE E HOSPITAL OCTAVIANO NEVES,MATERNIDADE OCTAVIANO NEVES SA
27898,21,1,26,Pequeno,HOSPITAL MATERMED,HOSPITAL MATERMED LTDA
27901,8,0,134,Pequeno,INSTITUTO DE OLHOS DE BELO HORIZONTE,HCE ASSISTENCIA MEDICA LTDA
27928,14,0,174,Pequeno,PHDPACE HOSPITAL,PHDPACE HOSPITAL LTDA
27944,88,10,93,Medio,MATERNIDADE SANTA FE,CASA DE SAUDE E MATERNIDADE SANTA FE LTDA
27952,30,30,154,Pequeno,NEOCENTER,NEOCENTER SA
27979,142,38,565,Medio,HOSPITAL BELO HORIZONTE,GESTHO GESTAO HOSPITALAR SA
27987,105,11,906,Medio,HOSPITAL DA POLICIA MILITAR,POLICIA MILITAR DO ESTADO DE MINAS GERAIS
27995,317,75,3727,Grande,HOSPITAL MATER DEI S A,HOSPITAL MATER DEI S A
2124459,4,0,13,Pequeno,CENTRO PSICOTERAPICO,CENTRO PSICOTERAPICO LTDA
2181770,99,10,599,Medio,HOSPITAL EDUARDO DE MENEZES,FUNDACAO HOSPITALAR DO ESTADO DE MINAS GERAIS
2192896,590,126,3106,Especial,HOSPITAL METROPOLITANO ODILON BHERENS HOB,HOSPITAL METROPOLITANO ODILON BHERENS HOB
2200414,53,2,150,Medio,FUNDACAO HILTON ROCHA,ASSOCIACAO EDUCATIVA DO BRASIL SOEBRAS
2200422,341,52,2488,Grande,HOSPITAL MADRE TERESA,INSTITUTO DAS PEQUENAS MISSIONARIAS DE MARIA IMACULADA
2200457,332,44,3067,Grande,ASSOCIACAO MARIO PENNA,ASSOCIACAO MARIO PENNA
2695324,120,26,1762,Medio,HOSPITAL DA BALEIA,FUNDACAO BENJAMIN GUIMARAES
2695332,28,0,125,Pequeno,HOSPITAL DA CRIANCA,ASSOCIACAO BENEFICENTE DA CRIANCA ABC
2695375,3,1,213,Pequeno,HOSPITAL PAULO DE TARSO GERIATRIA E REABILITACAO,ASSOCIACAO PAULO DE TARSO
2695634,298,48,2030,Grande,BIOCOR INSTITUTO,BIOCOR HOSPITAL DE DOENCAS CARDIOVASCULARES LTDA
3004791,47,0,334,Pequeno,SARAH BELO HORIZONTE,ASSOCIACAO DAS PIONEIRAS SOCIAIS
3046028,39,0,112,Pequeno,UROLOGICA,NUCLEO DE DIAGNOSTICO E TRATAMENTO EM UROLOGIA S A
3203565,47,7,14,Pequeno,BH MATER,CENTRO CLINICO BH MATER LTDA
3314014,217,29,1656,Grande,HOSPITAL LIFECENTER,LIFECENTER SISTEMA DE SAUDE S A
3314103,20,10,41,Pequeno,UNINEO MG LTDA,UNINEO MG LTDA
3648907,35,30,167,Pequeno,NEOCENTER,NEOCENTER SA
3648931,28,20,120,Pequeno,NEOCENTER,NEOCENTER SA
3702693,106,40,649,Medio,MATERNIDADE UNIMED UNIDADE GRAJAU,UNIMED BELO HORIZONTE COOPERATIVA DE TRABALHO MEDICO
4034236,238,28,1274,Grande,HOSPITAL UNIVERSITARIO CIENCIAS MEDICAS,FUNDACAO EDUCACIONAL LUCAS MACHADO FELUMA
5509483,64,10,331,Medio,HOSPITAL VITALLIS BARREIRO,HOSPITAL VITALLIS BARREIRO LTDA
5776775,26,0,56,Pequeno,HOSPITAL RG,HOSPITAL RG LTDA
6437745,285,48,1422,Grande,HOSPITAL UNIMED UNIDADE CONTORNO,UNIMED BELO HORIZONTE COOPERATIVA DE TRABALHO MEDICO
6575560,283,45,354,Grande,HOSPITAL GOVERNADOR ISRAEL PINHEIRO HGIP,INSTITUTO DE PREVIDENCIA DOS SERVIDORES DO ESTADO MG
7166966,219,45,1050,Grande,HOSPITAL SAO LUCAS,SANTA CASA DE MISERICORDIA DE BELO HORIZONTE
7684878,96,20,1235,Medio,HOSPITAL MATER DEI S A UNIDADE CONTORNO,HOSPITAL MATER DEI S A
7866801,469,84,1684,Grande,HOSPITAL METROPOLITANO DOUTOR CELIO DE CASTRO HMDCC,SERVICO SOCIAL AUTONOMO HOSPITAL METROPOLITANO DOUTOR CELIO
9590676,10,10,87,Pequeno,MATERNIDADE NEOCENTER,MATERNIDADE NEOCENTER
2182610,36,0,22,Pequeno,BELO VALE HOSPITAL E MATERNIDADE HENRIQUE PENIDO SA,HOSPITAL E MATERNIDADE HENRIQUE PENIDO SA
2134292,36,0,30,Pequeno,HOSPITAL DE BERILO,FUNDACAO MUNICIPAL DE SAUDE DE BERILO
2115654,42,0,301,Pequeno,CASA DE SAUDE SANTA IZABEL CSSI,FUNDACAO HOSPITALAR DO ESTADO DE MINAS GERAIS
2126451,135,30,640,Medio,UNIMED BELO HORIZONTE COOPERATIVA DE TRABALHO MEDICO,UNIMED BELO HORIZONTE COOPERATIVA DE TRABALHO MEDICO
2126494,300,61,2267,Grande,HOSPITAL PUBLICO REGIONAL PREFEITO OSVALDO REZENDE FRANCO,MUNICIPIO DE BETIM
2126508,82,20,312,Medio,MATERNIDADE P MUNICIPAL HAYDE ESPEJO CONROY,MUNICIPIO DE BETIM
9696733,94,15,5221,Medio,HOSPITAL MATER DEI SA,HOSPITAL MATER DEI SA
2760886,41,0,60,Pequeno,HOSPITAL SAO JOSE DE BICAS,ASSOCIACAO CARIDADE SAO JOSE DE BICAS
2775972,64,0,146,Medio,SANTA CASA DE MISERICORDIA DE BOA ESPERANCA,SANTA CASA DE MISERICORDIA DE BOA ESPERANCA
2119471,54,0,165,Medio,HOSPITAL MUNICIPAL DE BOCAIUVA,PREFEITURA MUNICIPAL DE BOCAIUVA
2168707,95,2,196,Medio,HOSP SANTA CASA DE BOM DESPACHO,LACTARIO E POSTO DE PUERICULTURA MENINO JESUS
2796589,28,1,62,Pequeno,HOSPITAL MUNICIPAL BOM JARDIM MINAS,PREFEITURA MUNICIPAL BOM JARDIM MINAS
2760738,41,0,92,Pequeno,AMINAS ASSOCIACAO MINEIRA DE ASSISTENCIA A SAUDE,AMINAS ASSOCIACAO MINEIRA DE ASSISTENCIA A SAUDE
2179628,43,0,62,Pequeno,ASILO DE CARIDADE SANTA CASA DE BOM SUCESSO,ASILO DE CARIDADE SANTA CASA DE BOM SUCESSO
2796368,23,1,59,Pequeno,HOSPITAL SAO JOSE,FUNDACAO HOSPITAL SAO JOSE DE BOTELHOS
2119420,103,19,305,Medio,HOSPITAL MUNICIPAL SENHORA SANTANA,MUNICIPIO DE BRASILIA DE MINAS
2127946,16,0,24,Pequeno,HOSPITAL SAO CAETANO BRASOPOLIS,SANTA CASA DE MISERICORDIA SAO CAETANO DA VARGEM GRANDE
2124289,44,1,92,Pequeno,HOSPITAL MUNICIPAL JOAO FERNANDES DO CARMO,PREFEITURA MUNICIPAL DE BRUMADINHO
2128020,23,0,62,Pequeno,HOSPITAL E MAT SENHOR BOM JESUS BUENO BRANDAO,HOSPITAL E MATERNIDADE SENHOR BOM JESUS
2221543,21,0,25,Pequeno,HOSPITAL SAO LUCAS,SAO LUCAS CASA DE SAUDE LTDA
2205882,20,0,73,Pequeno,HOSPITAL MUNICIPAL RODOLFO MALARD,PREFEITURA MUNICIPAL DE BURITIZEIRO
2167379,33,0,53,Pequeno,ASSOCIACAO DO HOSPITAL SAO FRANCISCO,ASSOCIACAO DO HOSPITAL SAO FRANCISCO
2127091,48,1,104,Pequeno,HOSPITAL DR PACIFICO MASCARENHAS,HOSPITAL DR PACIFICO MASCARENHAS
2117312,66,10,190,Medio,CAETE SANTA CASA DE CAETE,SOCIEDADE CIVIL DE BENEFICENCIA CAETEENSE
2127733,38,0,46,Pequeno,SANTA CASA DE MISERICORDIA DE CALDAS,SANTA CASA DE MISERICORDIA DE CALDAS
2127725,24,0,49,Pequeno,IRMANDADE DA SANTA CASA DE MISERICORDIA DE CAMANDUCAIA,IRMANDADE DA SANTA CASA DE MISERICORDIA DE CAMANDUCAIA
2128012,60,0,110,Medio,HOSPITAL ANA MOREIRA SALLES CAMBUI,IRMANDADE DA SANTA CASA DE MISERICORDIA DE CAMBUI
2794136,34,2,65,Pequeno,HOSPITAL GERAL DE CAMBUQUIRA,LAR DE MEIMEI HOSPITAL GERAL DE CAMBUQUIRA
2775921,23,0,36,Pequeno,SANTA CASA DA CAMPANHA,SANTA CASA DE MISERICORDIA DA CAMPANHA
2205009,34,0,69,Pequeno,SANTA CASA MIS CARIDADE DE CAMPESTRE,SANTA CASA MIS CARIDADE DE CAMPESTRE
2121409,40,0,82,Pequeno,HOSPITAL SAO VICENTE DE PAULO,HOSPITAL SAO VICENTE DE PAULO
2160951,8,0,47,Pequeno,HOSPITAL SAO LUCAS LTDA,HOSPITAL SAO LUCAS LTDA
2192020,82,11,308,Medio,SANTA CASA DE CAMPO BELO,SANTA CASA DE MISERICORDIA SAO VICENTE DE PAULO
2760932,20,0,76,Pequeno,HOSPITAL MUNICIPAL ANTONIO REIS,PREFEITURA MUNICIPAL CAMPO DO MEIO
2098156,30,1,51,Pequeno,SANTA CASA DE CAMPOS ALTOS,SANTA CASA DE MISERICORDIA DE CAMPOS ALTOS
2796384,51,0,75,Medio,HOSPITAL SAO VICENTE DE PAULA,HOSPITAL SAO VICENTE DE PAULO
2121514,32,0,45,Pequeno,HOSPITAL SEBASTIAO PAES DE ALMEIDA,SANTA CASA DE MISERICORDIA DE CANAPOLIS
2142295,25,0,36,Pequeno,HOSPITAL CARLOS CHAGAS,FUNDACAO COMUNITARIA DE SAUDE DE CANDEIAS
2135124,74,0,99,Medio,FUNDACAO HOSPITALAR SAO VICENTE DE PAULO,FUNDACAO HOSPITALAR SAO VICENTE DE PAULO
7201109,15,0,63,Pequeno,FAEPU UNIDADE CAPINOPOLIS,FUNDACAO DE ASSISTENCIA ESTUDO E PESQUISA DE UBERLANDIA
2205890,19,1,13,Pequeno,SANTA CASA E HOSPITAL NOSSA SENHORA DA GUIA,SANTA CASA E HOSPITAL NOSSA SENHORA DA GUIA
2146398,22,0,29,Pequeno,SANTA CASA DE CARIDADE DE CAPITOLIO,SANTA CASA DE CARIDADE DE CAPITOLIO
2179172,28,0,33,Pequeno,HOSPITAL MUNICIPAL SAO JAO BATISTA,HOSPITAL MUNICIPAL SAO JOAO BATISTA
2098407,58,2,234,Medio,HOSPITAL MUNICIPAL SANTANA DE CARANDAI,HOSPITAL MUNICIPAL SANTANA DE CARANDAI
2114267,55,7,165,Medio,HOSPITAL EVANGELICO DE CARANGOLA,HOSPITAL EVANGELICO DE CARANGOLA
2764776,155,21,548,Grande,CASA DE CARIDADE DE CARANGOLA,CASA DE CARIDADE DE CARANGOLA
2118459,36,0,152,Pequeno,CASA DE SAUDE UNIAO,CASA DE SAUDE DIVINO ESPIRITO SANTO SA
2118513,114,27,291,Medio,HOSPITAL NOSSA SENHORA AUXILIADORA,HOSPITAL NOSSA SENHORA AUXILIADORA
6697054,49,24,161,Pequeno,CASU IRMA DENISE,FUNDACAO EDUCACIONAL DECARATINGA
2135116,19,0,19,Pequeno,HOSPITAL SAO VICENTE DE PAULO CARBONITA,HOSPITAL SAO VICENTE DE PAULO
2127768,18,0,11,Pequeno,HOSPITAL E MATERNIDADE DE CAREACU,HOSPITAL E MATERNIDADE DE CAREACU
2178982,34,0,34,Pequeno,HOSPITAL LOURENCO WESTIN,HOSPITAL LOURENCO WESTIN
2761017,29,0,31,Pequeno,HOSPITAL NOSSA SENHORA DO CARMO,HOSPITAL NOSSA SENHORA DO CARMO
2142937,27,0,36,Pequeno,HOSPITAL OLINTO FERREIRA DINIZ CARMO DA MATA,SANTA CASA DE MISERICORDIA DE CARMO DA MATA
2761149,40,0,45,Pequeno,HOSPITAL DE CARMO DE MINAS,HOSPITAL CASA DE CARIDADE E MATERNIDADE DE CARMO DE MINAS
2118246,40,0,112,Pequeno,STA CASA MIS CARMO DO PARANAIBA DR ADILON CARDOSO TEIXEIRA,STA CASA MIS CARMO DO PARANAIBA DR ADILON CARDOSO TEIXEIRA
2796376,27,0,105,Pequeno,HOSPITAL SAO VICENTE DE PAULA,HOSPITAL SAO VICENTE DE PAULA
2143127,36,0,62,Pequeno,SANTA CASA MISERICORDIA NOSSA SENHORA CARMO DE C MINAS,SANTA CASA DE MISERICORDIA NOSSA SENHORA DO CARMO
2760673,33,0,26,Pequeno,HOSPITAL SAO VICENTE DE PAULO,CENTRO SOC DE EDUC SAUDE E A A M DE CARRANCAS
2760436,49,0,107,Pequeno,INSTITUTO SAO VICENTE DE PAULO,INSTITUTO SAO VICENTE DE PAULO
2098911,154,18,432,Grande,IRMANDADE DA SANTA CASA DE MISERICORDIA DE CATAGUASES,HOSPITAL DE CATAGUASES
2764830,31,2,116,Pequeno,HOSPITAL CASA DE CARIDADE SAO VICENTE DE PAULA,ASSOCIACAO CAXAMBUENSE PRO SAUDE ACAPS
2102854,28,0,29,Pequeno,HOSPITAL JESUS MENINO,PREFEITURA MUNICIPAL DE CENTRAL DE MINAS
2194937,30,1,25,Pequeno,HOSPITAL MUNICIPAL DR DARCY JUAREZ ZABISKY,PREFEITURA MUNICIPAL DE CENTRALINA
2136104,28,0,16,Pequeno,HOSPITAL SAO CAETANO,HOSPITAL SAO CAETANO
2144204,39,2,75,Pequeno,SANTA CASA DE MISERICORDIA CLAUDIO,SANTA CASA DE MISERICORDIA DE CLAUDIO
2135884,32,0,56,Pequeno,HOSPITAL MUNICIPAL AGOSTINHA ALCANTARA AGUIAR COLUNA,PREFEITURA MUNICIPAL DE COLUNA
2167565,16,0,53,Pequeno,HOSPITAL MUNICIPAL JOAO AMELIO FREIRE,PREFEITURA MUNICIPAL DE CONCEICAO DA APARECIDA
5844843,22,0,117,Pequeno,FUNDACAO HOSPITALAR MUNICIPAL JOAO HENRIQUE,FUNDACAO HOSPITALAR MUNICIPAL JOAO HENRIQUE
2134071,40,0,38,Pequeno,HOSPITAL IMACULADA CONCEICAO,HOSPITAL IMACULADA CONCEICAO
2760827,33,0,48,Pequeno,HOSPITAL SAO FRANCISCO DE ASSIS,ASSOCIACAO RIOVERDENSE DE ASSISTENCIA E PROMOCAO HUMANA
2172259,78,0,275,Medio,HOSPITAL BOM JESUS,ASSOCIACAO HOSPITALAR BOM JESUS
2164493,16,0,32,Pequeno,SANTA CASA DE MISERICORDIA CONQUISTA,SANTA CASA DE MISERICORDIA
2098326,107,11,492,Medio,HOSPITAL E MATERNIDADE SAO JOSE,HOSPITAL E MATERNIDADE SAO JOSE
2136937,19,0,66,Pequeno,HOSPITAL SAO VICENTE DE PAULO,HOSPITAL SAO VICENTE DE PAULO
2136945,52,0,83,Medio,HOSPITAL QUELUZ,SOCIEDADE HOSPITAL QUELUZ
2756676,55,0,66,Medio,HOSPITAL SAO CAMILO,ASSOCIACAO BENEFICENTE SAO CAMILO
2200481,31,0,46,Pequeno,HOSPITAL DR HELCIO VALENTIM,HOSPITAL DR HELCIO VALENTIM
2154749,43,4,97,Pequeno,HOSPITAL SAO JOSE,HOSPITAL DA CRIANCA SAO JOSE LTDA
2154757,173,21,708,Grande,HOSPITAL SANTA RITA,HOSPITAL E MATERNIDADE SANTA RITA SA
2191164,121,61,498,Medio,CENTRO MATERNO INFANTIL JUVENTINA PAULA DE JESUS,FAMUC FUND DE ASSITENCIA MEDICA DE URGENCIA DE CONTAGEM
2200473,224,38,1200,Grande,HOSPITAL MUNICIPAL DE CONTAGEM,HOSPITAL MUNICIPAL JOSE LUCAS FILHO
2220423,71,0,13,Medio,HOSPITAL SANTA HELENA,HOSPITAL E MATERNIDADE SANTA HELENA S A
2205904,47,0,131,Pequeno,HOSPITAL MUNICIPAL SAO VICENTE DE PAULO,HOSP SAO VICENTE DE PAULO PREF MUN DE CORACAO DE JESUS
2197693,33,0,45,Pequeno,SANTA CASA DE MISERICORDIA DE COROMANDELDR SEBASTIAO MACHADO,SANTA CASA DE MISERICORDIA DE COROMANDELDR SEBASTIAO MACHADO
7082886,79,10,272,Medio,HOSPITAL DR JOSE MARIA MORAIS,PREFEITURA MUNICIPAL DE CORONEL FABBRICIANO
7869223,94,13,282,Medio,HOSPITAL METROPOLITANO UNIMED,UNIMED VALE DO ACO COOPERATIVA DE TRABALHO MEDICO
2144255,22,0,61,Pequeno,HOSPITAL MUNICIPAL SANTO ANTONIO DE CRISTAIS,PREFEITURA MUNICIPAL DE CRISTAIS
2761165,22,0,33,Pequeno,HOSPITAL DE CRISTINA,FUNDACAO HOSPITALAR DE CRISTINA
2761254,99,0,97,Medio,HOSPITAL DR CANDIDO JUNQUEIRA,ASSOCIACAO FILHAS DE SAO CAMILO
2148293,111,10,431,Medio,HOSPITAL IMACULADA CONCEICAO,HOSPITAL IMACULADA CONCEICAO
2178559,97,10,269,Medio,HOSPITAL SANTO ANTONIO,IRMANDADE SANTO ANTONIO DE CURVELO
6569803,18,1,36,Pequeno,HOSPITAL MUNICIPAL ELPIDIO RODRIGUES PINTO,PREFEITURA MUNICIPAL DE DELFINOPOLIS
2135132,144,20,416,Medio,SANTA CASA DE CARIDADE,SANTA CASA DE CARIDADE DE DIAMANTINA
2761203,57,15,332,Medio,HOSPITAL DE NOSSA SENHORA DA SAUDE,IRMANDADE DE NOSSA SENHORA DA SAUDE
2144514,16,0,23,Pequeno,HOSPITAL SAO SEBASTIAO DIONISIO,ASSOCIACAO HOSPITALAR SAO SEBASTIAO
2761238,40,6,46,Pequeno,HOSPITAL DIVINENSE,HOSPITAL DIVINENSE
2103222,17,0,23,Pequeno,HOSPITAL MUNICIPAL DIVINO ESPIRITO SANTO,PREFEITURA MUNICIPAL DE DIVINO DAS LARANJEIRAS
2159252,330,47,1705,Grande,HOSPITAL SAO JOAO DE DEUS,FUNDACAO GERALDO CORREA
2159295,0,0,43,Pequeno,CENTRO INTEGRAL DE SAUDE SAO BENTO MENNI,CONGREGACAO DAS IRMAS HOSPITALEIRAS DO SAGRADO CORACAO DE JE
2159376,31,5,533,Pequeno,HOSPITAL E MATERNIDADE SANTA MONICA,HOSPITAL E MATERNIDADE SANTA MONICA
2159384,58,8,386,Medio,HOSPITAL SAO JUDAS TADEU,HOSPITAL SAO JUDAS TADEU LTDA
2159716,9,0,25,Pequeno,INOR,INSTITUTO DE ORTOPEDIA MEDICINA E RECUPERACAO FISICA LTDA
2192012,89,9,199,Medio,HOSPITAL SANTA LUCIA DE DIVINOPOLIS,HOSPITAL SANTA LUCIA LTDA
2144654,20,1,18,Pequeno,HOSPITAL NOSSA SENHORA DAS GRACAS DOM JOAQUIM,IRMANDADE NOSSA SENHORA DAS GRACAS DOM JOAQUIM
2100398,37,0,38,Pequeno,HOSPITAL NOSSA SENHORA DA SAUDE DE DOM SILVERIO,HOSPITAL NOSSA SENHORA DA SAUDE
2144042,39,0,59,Pequeno,SANTA CASA DR ZACARIAS,SANTA CASA DE MISERICORDIA DR ZACARIAS
2761009,46,0,107,Pequeno,HOSPITAL NOSSA SENHORA DA PIEDADE,HOSPITAL NOSSA SENHORA DA PIEDADE
2117568,50,1,78,Pequeno,HOSPITAL CASSIANO CAMPOLINA,HOSPITAL CASSIANO CAMPOLINA
2161729,34,0,69,Pequeno,HOSPITAL JORGE CAETANO DE MATTOS,HOSPITAL JORGE CAETANO DE MATTOS
3048675,38,1,122,Pequeno,ESMERALDAS HOSPITAL MUNICIPAL 25 DE MAIO,PREFEITURA MUNICIPAL DE ESMERALDAS
2761467,50,0,48,Pequeno,HOSPITAL ANTONIO ALVES DA COSTA,HOSPITAL DE ESPERA FELIZ
2105365,60,0,78,Medio,FUNDACAO HOSPITALAR DO MUNICIPIO DE ESPINOSA,PREFEITURA MUNICIPAL DE ESPINOSA
2127997,21,0,25,Pequeno,SANTA CASA E MAT N S DE FATIMA ESTIVA,SANTA CASA E MATERNIDADE NOSSA SENHORA DE FATIMA
2108933,16,0,27,Pequeno,HOSPITAL MUNICIPAL DE ESTRELA DO INDAIA,FUNDACAO MUNICIPAL DE SAUDE DE ESTRELA DO INDAIA
2163071,33,0,25,Pequeno,HOSPITAL SAO JOSE,ASSOCIACAO DE PROTECAO A MAT E A INFANCIA DE EUGENOPOLIS
2127881,63,11,111,Medio,HOSPITAL E MATERN SAO LUCAS DE EXTREMA,HOSPITAL E MATERNIDADE SAO LUCAS DE EXTREMA LTDA
2139146,39,1,31,Pequeno,HOSPITAL DE FELISBURGO,ASSOCIACAO DE PROTECAO A MATERNIDADE E INFANCIA DE FELISBURG
2144522,27,0,26,Pequeno,HOSPITAL SAO JUDAS TADEU,HOSPITAL SAO JUDAS TADEU
2126559,22,0,31,Pequeno,HOSPITAL SANTA BARBARA,HOSPITAL SANTA BARBARA
2132745,14,0,21,Pequeno,HOSPITAL SANTA MARTA DE FORMIGA,CASA DE SAUDE SANTA MARTA DE FORMIGA LTDA
2142376,112,36,368,Medio,HOSPITAL SAO LUIZ DE FORMIGA,SANTA CASA DE CARIDADE DE FORMIGA
2760940,57,0,65,Medio,HOSPITAL MUNICIPAL DE FRANCISCO SA,HOSPITAL MUNICIPAL DE FRANCISCO SA
5625882,14,0,19,Pequeno,HOSPITAL MUNICIPAL SAO GERALDO,HOSPITAL MUNICIPAL SAO GERALDO
2098539,55,0,302,Medio,HOSPITAL MUNICIPAL FREI GABRIEL,PREFEITURA MUNICIPAL DE FRUTAL
2098547,33,0,169,Pequeno,HOSPITAL E MATERNIDADE SAO JOSE,HOSPITAL SAO JOSE LTDA
9112995,43,0,17,Pequeno,FUNDACAO HOSPITAL FREI GABRIEL,FUNDACAO HOSPITAL FREI GABRIEL
2202883,34,0,37,Pequeno,HOSPITAL E MATERNIDADE DR AURELIANO BRANDAO,ASSOCIACAO MANTENEDORA DO HOSP E MAT DR AURELIANO BRANDAO
2118629,32,0,111,Pequeno,HOSPITAL SAO VICENTE DE PAULO,HSVP ADMINISTRACAO E SERVICOS EM SAUDE LTDA
2118661,152,20,807,Grande,HOSPITAL BOM SAMARITANO,BENEFICENCIA SOCIAL BOM SAMARITANO
2118858,79,10,295,Medio,HOSPITAL SAO LUCAS,HOSPITAL SAO LUCAS DE GOVERNADOR VALADARES LTDA
2118874,63,10,87,Medio,CASA DE SAUDE MATERNIDADE NOSSA SENHORA DAS GRACAS,HOSPITAL NOSSA SENHORA DAS GRACAS LTDA
2200252,4,0,17,Pequeno,INSTITUTO DE OLHOS DO LESTE DE MINAS,BOECHAT E MEDICOS ASSOCIADOS EIRELI EPP
2222043,238,54,837,Grande,HOSPITAL MUNICIPAL,PREFEITURA MUNICIPAL DE GOVERNADOR VALADARES
3004376,11,0,27,Pequeno,HOSPITAL DE OLHOS DE GOVERNADOR VALADARES,HOSPITAL DE OLHOS DE GOVERNADOR VALADARES SC LTDA
6236367,89,20,285,Medio,HOSPITAL UNIMED GOVERNADOR VALADARES,UNIMED GOVERNADOR VALADARES COOP DE TRAB MEDICO LTDA
2205866,32,0,58,Pequeno,HOSPITAL AFRANIO AUGUSTO FIGUEIREDO,FUNDACAO SANTO ANTONIO DE GRAO MOGOL
2144530,74,2,212,Medio,HOSPITAL REGIONAL IMACULADA CONCEICAO,ASSOCIACAO DE CARIDADE NOSSA SENHORA DO CARMO
2146479,32,0,33,Pequeno,SANTA CASA DE MISERICORDIA DE GUAPE,SANTA CASA DE MISERICORDIA DE GUAPE
2213958,23,0,34,Pequeno,HOSPITAL SANTANA DE GUARACIABA,HOSPITAL SANTANA DE GUARACIABA
2796430,32,0,85,Pequeno,SANTA CASA DE CARIDADE DE GUARANESIA,SANTA CASA DE CARIDADE DE GUARANESIA
2148463,39,0,51,Pequeno,HOSPITAL DR ARMANDO XAVIER VIEIRA,HOSPITAL DR ARMANDO XAVIER VIEIRA
2118076,17,1,42,Pequeno,HOSPITAL MUNICIPAL DONA ROSALINA FLAUSINA DE SOUZA,PREF MUN DE GUARDA MOR
2796449,92,10,500,Medio,SANTA CASA DE MISERICORDIA DE GUAXUPE,IRMANDADE DE MISERICORDIA DE GUAXUPE
2179237,18,0,21,Pequeno,HOSPITAL MUNICIPAL DONA AMELIA MARIA DE SOUZA,PREFEITURA MUNICIPAL DE GURINHATA
2136139,33,1,51,Pequeno,HOSPITAL MONUMENTO AS MAES,IRMANDADE DA SANTA CASA DE MISERICORDIA DE IBERTIOGA
2181029,35,0,53,Pequeno,SANTA CASA DE IBIA,SANTA CASA DE MISERICORDIA PADRE EUSTAQUIO
2146487,20,0,37,Pequeno,HOSPITAL MUNICIPAL DE IBIRACI,PREFEITURA MUNICIPAL DE IBIRACI
6892256,110,18,585,Medio,HOSPITAL E MATERNIDADE REGIONAL DE IBIRITE,MUNICIPIO DE IBIRITE
2160498,12,0,37,Pequeno,HOSPITAL MUNICIPAL SAO FRANCISCO,PREFEITURA MUNICIPAL DE IGUATAMA
2761173,15,0,41,Pequeno,HOSPITAL DE ILICINEA,HOSPITAL SAO VICENTE DE PAULO
2103532,44,0,76,Pequeno,HOSPITAL SAO SEBASTIAO DE INHAPIM,SOCIEDADE BENEFICENTE HOSPITAL SAO SEBASTIAO DE INHAPIM
2761270,60,0,94,Medio,AHSVPI,ASSOCIACAO HOSPITALAR SAO VICENTE DE PAULO DE IPANEMA
2193310,168,10,600,Grande,HOSPITAL MUNICIPAL DE IPATINGA,PREFEITURA MUNICIPAL DE IPATINGA
2205440,560,79,2499,Especial,HOSPITAL MARCIO CUNHA,FUNDACAO SAO FRANCISCO XAVIER
2128004,13,0,21,Pequeno,SANTA CASA DE MISERICORDIA DE IPUIUNA,SANTA CASA DE MISERICORDIA DE IPUIUNA
2215586,189,23,721,Grande,HOSPITAL NOSSA SENHORA DAS DORES,IRMANDADE NOSSA SENHORA DAS DORES
2218690,64,12,466,Medio,HOSPITAL MUNICIPAL CARLOS CHAGAS,FUNDACAO SAO FRANCISCO XAVIER
2102579,23,0,41,Pequeno,HOSPITAL SAO LUCAS DE ITABIRINHA,HOSPITAL SAO LUCAS DE ITABIRINHA DE MANTENA
2213982,55,1,141,Medio,ITABIRITO HOSPITAL SAO VICENTE DE PAULO,SOCIEDADE BENEFICENTE SAO CAMILO
2119455,31,2,55,Pequeno,HOSPITAL MUNICIPAL GERSON DIAS,PREFEITURA MUNICIPAL DE ITACARAMBI
2142627,50,0,50,Pequeno,SANTA CASA DE ITAGUARA,SANTA CASA DE MISERICORDIA DE ITAGUARA
2760975,17,0,35,Pequeno,HOSPITAL MUNICIPAL NOSSA SENHORA DO PATROCINIO,PREFEITURA MUNICIPAL DE ITAIPE
2127687,67,8,417,Medio,SANTA CASA DE MISERICORDIA DE ITAJUBA,SANTA CASA DE MISERICORDIA DE ITAJUBA
2208857,150,30,612,Medio,HOSPITAL ESCOLA AISI ITAJUBA,ASSOCIACAO DE INTEGRACAO SOCIAL DE ITAJUBA
3050157,10,0,14,Pequeno,HOSPITAL ODONTOMED ITAJUBA,HOSPITAL ODONTOMED CENTRO TRAT PREVENCAO ODONT MED LTDA
2135930,43,2,70,Pequeno,HOSPITAL MUNICIPAL GERALDO FERREIRA GANDRA,PREFEITURA MUNICIPAL DE ITAMARANDIBA
2135949,38,1,37,Pequeno,HOSPITAL DE ITAMARANDIBA,HOSPITAL DE ITAMARANDIBA
2185563,44,0,96,Pequeno,HOSPITAL NOSSA SENHORA DOS ANJOS,ASSOCIACAO HOSPITALAR NOSSA SENHORA DOS ANJOS
2697548,32,0,58,Pequeno,HOSPITAL TRISTAO DA CUNHA,ASSOCIACAO PROTETORA DA INFANCIA DE ITAMBACURI
2146444,22,0,16,Pequeno,HOSPITAL SAO JOAO BATISTA DE ITAMOGI,HOSPITAL SAO JOAO BATISTA DE ITAMOGI
2764784,69,0,62,Medio,CASA DE CARIDADE DE ITAMONTE,CASA DE CARIDADE DE ITAMONTE
2764792,67,0,179,Medio,CASA DE CARIDADE DE ITANHANDU,CASA DE CARIDADE E ASSISTEN A MATERN E INFANCIA DE ITANHANDU
2102773,15,0,46,Pequeno,HOSPITAL SAO VICENTE DE PAULO DE ITANHOMI,ASSOCIACAO DOS AMIGOS DO HOSPITAL ITANHOMI AAHI
2139073,53,2,87,Medio,HOSPITAL VALE DO JEQUITINHONHA,HOSPITAL VALE DO JEQUITINHONHA
2143895,46,2,50,Pequeno,SANTA CASA DE ITAPECERICA,SANTA CASA M MATERN SANTANA ITAPECERICA
2760908,29,0,41,Pequeno,HOSPITAL ITAU,FUNDACAO ITAU DE ASSISTENCIA SOCIAL
2105780,104,10,503,Medio,HOSPITAL MANOEL GONCALVES,CASA DE CARIDADE MANOEL GONCALVES DE SOUSA MOREIRA
2113791,0,0,45,Pequeno,SANATORIO ESPIRITA JOSE DIAS MACHADO,SANATORIO ESPIRITA JOSE DIAS MACHADO
2121387,52,4,139,Medio,HOSPITAL NOSSA SENHORA DABADIA,HOSPITAL NOSSA SENHORA DABADIA LTDA
2121719,20,0,97,Pequeno,HOSPITAL SAO JOAQUIM,HOSPITAL SAO JOAQUIM LTDA
2200902,76,10,329,Medio,HOSPITAL SAO JOSE,HOSPITAL SAO JOSE DA SOCIEDADE SAO VICENTE DE PAULO
7362919,4,1,18,Pequeno,HCI ITUIUTABA CARDIOS CIENCIAS LTDA,H C I ITUIUTABA CARDIOS CIENCIAS LTDA
2201542,25,1,175,Pequeno,HOSPITAL MUNICIPAL DELFINA ALVES BARBOSA,MUNICIPIO DE ITURAMA
2208040,28,2,96,Pequeno,CASA DE SAUDE E MATERNIDADE NOSSA SENHORA APARECIDA ITURAMA,CASA DE SAUDE E MATERNIDADE NOSSA SENHORA APARECIDA LTDA
6343937,23,1,27,Pequeno,HOSPITAL SAO JOSE DE ITURAMA,GARCIA E ALMEIDA CLINICA MEDICA LTDA ME
2117398,29,0,18,Pequeno,JABOTICATUBAS FUNDACAO HOSPITALAR SANTO ANTONIO,FUNDACAO HOSPITALAR SANTO ANTONIO
2120402,24,0,46,Pequeno,HOSPITAL BOM PASTOR,FUNDACAO BOM PASTOR
2146436,14,0,16,Pequeno,HOSPITAL E SANTA CASA DE JACUI,HOSPITAL E SANTA CASA DE JACUI
2775980,30,0,128,Pequeno,SANTA CASA DE MISERICORDIA DE JACUTINGA,SANTA CASA DE MISERICORDIA DE JACUTINGA
2117479,20,0,105,Pequeno,HOSPITAL MUNICIPAL DE JAIBA,PREFEITURA MUNICIPAL DE JAIBA
2205939,74,12,256,Medio,FUNDAJAN,FUNDACAO DE ASSISTENCIA SOCIAL DE JANAUBA
6920977,106,14,333,Medio,HOSPITAL REGIONAL DE JANAUBA,FUNDACAO HOSPITALAR DE JANAUBA
2204622,84,0,129,Medio,HOSPITAL MUNICIPAL DE JANUARIA,PREFEITURA MUNICIPAL DE JANUARIA
2213516,14,1,33,Pequeno,ASSOCIACAO HOSPITALAR DE JECEABA,ASSOCIACAO HOSPITALAR DE JECEABA
2120410,67,2,56,Medio,HOSPITAL SAO MIGUEL,HOSPITAL SAO MIGUEL
2139057,27,0,43,Pequeno,HOSPITAL MUNICIPAL DE JOAIMA,MUNICIPIO DE JOAIMA
2709848,134,12,536,Medio,HOSPITAL MARGARIDA,ASSOCIACAO SAO VICENTE DE PAULO DE JOAO MONLEVADE MG
2101777,47,2,162,Pequeno,HOSPITAL MUNICIPAL ANTONIO CARNEIRO VALADARES,PREF MUN DE JOAO PINHEIRO
2118335,18,0,41,Pequeno,HOSPITAL SANTANA,HOSPITAL E MATERNIDADE SANTANA LTDA
2139065,24,0,30,Pequeno,HOSPITAL PAULO VI,FUNDACAO PAULO VI
2111624,148,45,1076,Medio,HOSPITAL REGIONAL JOAO PENIDO,FUNDACAO HOSPITAL DO ESTADO DE MINAS GERAIS FHEMIG
2153025,58,5,462,Medio,HOSPITAL MARIA JOSE BAETA REIS ASCOMCER,ASSOCIACAO FEMININA DE PREVENCAO E COMBATE AO CANCER DE JF
2153084,266,50,1546,Grande,HOSPITAL E MATERNIDADE THEREZINHA DE JESUS,HOSPITAL E MATERNIDADE THEREZINHA DE JESUS
2153106,102,6,715,Medio,ONCOLOGICO,INSTITUTO ONCOLOGICO LTDA
2153114,90,20,699,Medio,FUNDACAO INSTITUTO CLINICO JUIZ DE FORA,FUNDACAO INSTITUTO CLINICO JUIZ DE FORA
2153882,430,45,3413,Grande,SANTA CASA DE MISERICORDIA DE JUIZ DE FORA,SANTA CASA DE MISERICORDIA DE JUIZ DE FORA
2208156,157,10,887,Grande,HPS DR MOZART GERALDO TEIXEIRA,PREFEITURA MUNICIPAL DE JUIZ DE FORA
2218798,122,9,1693,Medio,HOSPITAL UNIVERSITARIO DA UNIV FEDERAL DE JUIZ DE FORA,EMPRESA BRASILEIRA DE SERVICOS HOSPITALARES EBSERH
2221756,130,0,234,Medio,HOSPITAL ANA NERY DE JUIZ DE FORA,HOSPITAL ANA NERY DE MINAS GERAIS
2221772,111,10,373,Medio,HSVP JUIZ DE FORA,HOSPITAL SAO VICENTE DE PAULO DE MINAS GERAIS
3005410,26,2,92,Pequeno,HOSPITAL EVANDRO RIBEIRO,CLINICA DR EVANDRO RIBEIRO DE OLIVEIRA LTDA EPP
3013588,288,53,1609,Grande,HOSPITAL MONTE SINAI,INSTITUTO DE CLINICAS E CIRURGIA DE JUIZ DE FORA
3019055,0,0,108,Pequeno,CLINICA PSIQUIATRICA VILA VERDE,CLINICA PSIQUIATRICA VILA VERDE LTDA
3019063,162,32,588,Grande,HOSPITAL ALBERT SABIN,HOSPITAL ALBERT SABIN LTDA
6752136,0,0,38,Pequeno,CLINICA PSIQUIATRICA VILA VERDE BROMELIAS,CLINICA PSIQUIATRICA VILA VERDE LTDA
7368348,40,3,114,Pequeno,HOSPITAL GERAL DE JUIZ DE FORA,HOSPITAL GERAL DE JUIZ DE FORA
2172860,16,0,66,Pequeno,HOSPITAL MONSENHOR GENESIO,HOSPITAL MONSENHOR GENESIO
2797496,16,0,38,Pequeno,HOSPITAL MUNICIPAL DR ARTHUR RAUSCH,PREFEITURA MUNICIPAL DE LADAINHA
2132877,75,10,144,Medio,HOSPITAL SAO CARLOS DE LAGOA DA PRATA,FUNDACAO SAO CARLOS
2101874,28,0,76,Pequeno,HOSPITAL MUNICIPAL DR BININHO,MUNICIPIO DE LAGOA FORMOSA
2117142,47,0,143,Pequeno,LAGOA SANTA HOSPITAL DA AERONAUTICA DE LAGOA SANTA,COMANDO DA AERONAUTICA
2120542,52,0,271,Medio,LAGOA SANTA HOSPITAL LINDOURO AVELAR,SANTA CASA DE MISERICORDIA DE LAGOA SANTA
2765098,43,1,44,Pequeno,ASSOCIACAO HOSPITAL BELIZARIO MIRANDA,ASSOCIACAO HOSPITAL BELIZARIO MIRANDA
5279003,39,0,75,Pequeno,HOSPITAL SAO VICENTE DE PAULO,SERVICOS DE OBRAS SOCIAIS DE LAMBARI
2099195,7,1,19,Pequeno,HOSPITAL MUNICIPAL DIVINO ESPIRITO SANTO,PREFEITURA MUNICIPAL DE LAMIM
2122987,17,1,28,Pequeno,HOSPITAL COMUNITARIO DE LARANJAL,HOSPITAL COMUNITARIO DE LARANJAL
2111659,116,22,644,Medio,SANTA CASA DE MISERICORDIA DE LAVRAS,SANTA CASA DE MISERICORDIA DE LAVRAS
2112175,113,16,527,Medio,HOSPITAL VAZ MONTEIRO,HOSPITAL VAZ MONTEIRO DE ASSISTENCIA A INFANCIA E A MATERNID
2122650,100,10,340,Medio,CASA DE CARIDADE LEOPOLDINENSE,CASA DE CARIDADE LEOPOLDINENSE
4041690,55,0,95,Medio,SANTA CASA DE MISER DE LIMA DUARTE,SANTA CASA DE MISERICORDIA DE LIMA DUARTE
2144166,35,0,63,Pequeno,HOSPITAL SENHORA APARECIDA DE LUZ,HOSPITAL SENHORA APARECIDA
2208067,34,0,37,Pequeno,HOSPITAL CURA D ARS,HOSPITAL CURA D ARS SOCIEDADE SAO VICENTE DE PAULO
2796392,55,0,182,Medio,IRMANDADE DA SANTA CASA DE CARIDADE DE MACHADO,IRMANDADE DA SANTA CASA DE CARIDADE DE MACHADO
2208075,27,0,68,Pequeno,HOSPITAL MUNICIPAL DR CARLOS MARX,PREFEITURA MUNCIPAL DE MALACACHETA
2205998,25,0,65,Pequeno,HOSPITAL FUNRURAL,FUNDACAO HOSPITALAR DE AMPARO AO HOMEM DO CAMPO
2173166,192,11,549,Grande,HOSPITAL CESAR LEITE,HOSPITAL CESAR LEITE
2114763,95,11,94,Medio,HOSPITAL PADRE JULIO MARIA,HOSPITAL PADRE JULIO MARIA
2099209,47,0,59,Pequeno,HOSPITAL SAO VICENTE DE PAULO MANTENA,HOSPITAL SAO VICENTE DE PAULO
2099217,48,1,58,Pequeno,HOSPITAL EVANGELICO DE MANTENA,HOSPITAL EVANGELICO DE MANTENA
2796775,49,0,68,Pequeno,SANTA CASA DE MISERICORDIA DE MAR DE ESPANHA,SOCIEDADE DE CARIDADE DE MAR DE ESPANHA
2208849,21,0,35,Pequeno,HOSPITAL MUN FERRAZ E TORRES MARIA DA FE,FUNDACAO MUNICIPAL DE SAUDE DE MARIA DA FE
2200945,67,4,218,Medio,MARIANA HOSPITAL MONSENHOR HORTA,SOCIEDADE BENEFICENTE SAO CAMILO
2144182,26,0,25,Pequeno,HOSPITAL DR ODILON DE ANDRADE DE MARTINHO CAMPOS,FUNDACAO HOSPITALAR AURELIANO CAMPOS BRANDAO
2117096,74,0,193,Medio,MATEUS LEME HOSPITAL SANTA TEREZINHA,FUNDACAO HOSPITAL SANTA TEREZINHA
2115077,36,1,35,Pequeno,FUNDACAO DE SAUDE CRISTO REI,FUNDACAO DE SAUDE CRISTO REI
2157063,52,1,73,Medio,HOSPITAL WANDA ANDRADE DRUMMOND,ASSOCIACAO DE PROTECAO E MATERNIDADE DE INFANCIA
2139030,58,0,82,Medio,HOSPITAL SANTA RITA,ASSOCIACAO BENEFICENTE HOSPITAL SANTA RITA
2103230,15,0,29,Pequeno,FUNDACAO HOSPITALAR MENDES PIMENTEL,FUNDACAO HOSPITALAR MENDES PIMENTEL
2161575,29,0,50,Pequeno,HOSPITAL SAO VICENTE DE PAULO DE MERCES,HOSPITAL SAO VICENTE DE PAULO DE MERCES
2134268,66,3,65,Medio,FUNDACAO MINAS NOVAS HOSPITAL DOUTOR BADARO JUNIOR,FUNDACAO MINAS NOVAS
2760819,17,0,24,Pequeno,HOSPITAL SANTA RITA DE CASSIA,ASSOCIACAO DE PROTECAO A MATERNIDADE E INFANCIA DE MINDURI
2140063,28,0,95,Pequeno,HOSPITAL MUNICIPAL SAO SEBASTIAO,PREFEITURA MUNICIPAL DE MIRABELA
2161702,37,2,44,Pequeno,CASA DE CARIDADE SAO VICENTE DE PAULO,CASA DE CARIDADE SAO VICENTE DE PAULO
2143674,18,0,52,Pequeno,HOSPITAL PROFESSOR BASILIO MOEMA,FUNDACAO MOEMENSE DE SAUDE
2761181,31,0,24,Pequeno,HOSPITAL DE MONSENHOR PAULO,HOSPITAL IMACULADA CONCEICAO
2119439,34,1,50,Pequeno,HOSPITAL CRISTO REI,FUNDACAO DE SAUDE DE MONTALVANIA
2776022,24,0,46,Pequeno,SANTA CASA DE MONTE ALEGRE DE MINAS,SANTA CASA DE MONTE ALEGRE DE MINAS
2119404,43,0,66,Pequeno,HOSPITAL E MATERNIDADE NOSSA SENHORA DAS GRACAS,FUNDACAO MEDICO ASSISTENCIAL MAJOR DOMINGOS DE DEUS CORREA
2167573,25,0,34,Pequeno,HOSPITAL E MATERNIDADE FREI FRANCISCO STIENEN,IRMANDADE DA SANTA CASA DE MISERICORDIA DE MONTE BELO
2206498,38,1,42,Pequeno,HOSPITAL E MATERNIDADE VIRGILIO ROSA LTDA,HOSPITAL E MATERNIDADE VIRGILIO ROSA LTDA EPP
2206501,44,0,90,Pequeno,HOSPITAL SANTA TEREZINHA,HOSPITAL SANTA TEREZINHA LTDA
2146495,46,0,60,Pequeno,SANTA CASA DE MISERICORDIA DE MONTE SANTO,SANTA CASA DE MISERICORDIA DE MONTE SANTO
2149990,337,36,2979,Grande,HOSPITAL SANTA CASA DE MONTES CLAROS,IRMANDADE NOSSA SENHORA DAS MERCES DE MONTES CLAROS
2219638,173,20,915,Grande,HOSPITAL AROLDO TOURINHO,FUNDACAO HOSPITALAR DE MONTES CLAROS
2219646,130,10,764,Medio,HOSPITAL DILSON GODINHO,FUNDACAO DE SAUDE DILSON DE QUADROS GODINHO
2219654,151,19,1474,Grande,HOSPITAL UNIVERSITARIO CLEMENTE DE FARIA,UNIVERSIDADE ESTADUAL DE MONTES CLAROS
2219662,66,10,211,Medio,HOSPITAL PRONTOSOCOR,PRONTOSOCOR DE MONTES CLAROS LTDA
5860865,3,0,8,Pequeno,OCULARI,SARMENTO E VIANNA LTDA
6209521,19,0,29,Pequeno,HOSPITAL OTORRINO CENTER,HOSPITAL OTORRINO CENTER LTDA
7366108,132,20,373,Medio,HOSPITAL DAS CLINICAS DOUTOR MARIO RIBEIRO DA SILVEIRA,FUNDACAO EDUCACIONAL ALTO MEDIO SAO FRANCISCO
7940122,7,0,35,Pequeno,HOSPITAL DA PLASTICA,HOSPITAL DA PLASTICA DE MONTES CLAROS LTDA
2178648,19,0,44,Pequeno,HOSPITAL CASA DE CARIDADE SAO SEBASTIAO,HOSPITAL CASA DE CARIDADE SAO SEBASTIAO
2162377,62,6,133,Medio,CASA DE SAUDE SANTA LUCIA LTDA,CASA DE SAUDE SANTA LUCIA LTDA
2195453,205,23,704,Grande,HOSPITAL DO CANCER DE MURIAE,FUNDACAO CRISTIANO VARELLA
4042085,174,30,803,Grande,CASA DE CARIDADE DE MURIAE HOSPITAL SAO PAULO,HOSPITAL SAO PAULO
4042107,134,18,195,Medio,HOSPITAL PRONTOCOR DE MURIAE,CEMAC CENTRO MURIAEENSE DE APOIO A CIDADANIA
2760711,32,1,41,Pequeno,HOSPITAL SAO VICENTE DE PAULO MUTUM,CONFRARIA SAO VICENTE DE PAULO
2099233,52,0,104,Medio,IRMANDADE DA SANTA CASA DE MUZAMBINHO,IRMANDADE DA SANTA CASA DE MUZAMBINHO
2109980,28,0,48,Pequeno,HOSPITAL E MATERNIDADE GECY GOMES,HOSPITAL E MATERNIDADE GECY R GOMES SA
2211262,31,0,89,Pequeno,HOSPITAL E PRONTO SOCORRO MUNICIPAL RENATO AZEREDO,MUNICIPIO DE NANUQUE
2179571,16,0,45,Pequeno,HOSPITAL MUNICIPAL SANTO ANTONIO,PREFEITURA MUNICIPAL DE NAZARENO
2776030,37,0,51,Pequeno,SANTA CASA DE NEPOMUCENO,SANTA CASA DE MISERICORDIA DE NEPOMUCENO
2144549,43,2,75,Pequeno,HOSPITAL SAO JOSE E MAT SRA DAS GRACAS,ASSOCIACAO DE CARIDADE DE SAO JOSE
2115891,184,120,526,Grande,NOVA LIMA HOSPITAL VILA DA SERRA,INSTITUTO MATERNO INFANTIL DE MINAS GERAIS SA
2117037,109,10,273,Medio,NOVA LIMA HOSPITAL NOSSA SENHORA DE LOURDES,FUNDACAO HOSPITALAR NOSSA SENHORA DE LOURDES
3030733,20,0,36,Pequeno,HOSPITAL DE OLHOS DE MINAS GERAIS S A,HOSPITAL DE OLHOS DE MINAS GERAIS S A
9621903,22,0,55,Pequeno,ONCOBIO SERVICOS DE SAUDE S A,ONCOBIO SERVICOS DE SAUDE S A
2775964,22,1,85,Pequeno,HOSPITAL MUNICIPAL DE NOVA PONTE,PREFEITURA MUNICIPAL DE NOVA PONTE
2172836,19,0,44,Pequeno,HOSPITAL MUNICIPAL SANTA RITA,PREFEITURA MUNICIPAL DE NOVA RESENDE
2143801,52,0,80,Medio,HOSPITAL SAO JOSE DE NOVA SERRANA,FUNDACAO HOSPITALAR SAO VICENTE DE PAULA
2183811,39,0,45,Pequeno,HOSPITAL SAO BENTO DE NOVO CRUZEIRO,HOSPITAL SAO BENTO
2144298,104,10,267,Medio,HOSPITAL SAO JUDAS TADEU DE OLIVEIRA,IRMANDADE DA SANTA CASA DE MISERICORDIA DE OLIVEIRA
2139014,44,6,219,Pequeno,FUNDACAO OURO BRANCO,FUNDACAO OURO BRANCO
2207664,39,0,265,Pequeno,HOSPITAL RAIMUNDO CAMPOS,PREFEITURA MUNICIPAL DE OURO BRANCO
2127911,59,0,143,Medio,CASA DE CARIDADE DE OURO FINO,CASA DE CARIDADE DE OURO FINO
2163829,124,14,772,Medio,OURO PRETO SANTA CASA DE OURO PRETO,IRMANDADE DA SANTA CASA DE MISERICORDIA DE OURO PRETO
2208083,44,0,54,Pequeno,HOSPITAL NOSSA SENHORA MAE DA IGREJA DE PADRE PARAISO,HOSPITAL NOSSA SENHORA MAE DA IGREJA
2168626,19,0,31,Pequeno,HOSPITAL MUNICIPAL R VILELA OLIVEIRA DE PAINS,PREFEITURA MUNICIPAL DE PAINS
2122936,21,0,32,Pequeno,HOSPITAL E MATERNIDADE MARIA ELOY,HOSPITAL E MATERNIDADE MARIA ELOY
2100754,87,13,496,Medio,HOSPITAL MUNICIPAL DE PARACATU,MUNICIPIO DE PARACATU
3010104,41,1,64,Pequeno,HOSPITAL SAO LUCAS,HOSPITAL SAO LUCAS PARACATU LTDA
2206064,109,6,375,Medio,HOSPITAL NOSSA SENHORA DA CONCEICAO,IRMANDADE NOSSA SENHORA DA CONCEICAO DE PARA DE MINAS
2796341,44,0,85,Pequeno,HOSPITAL E MATERNIDADE SAO FRANCISCO DE ASSIS,FUNDACAO HOSPITALAR DE PARAGUACU
2127695,36,0,80,Pequeno,HOSPITAL FREI CAETANO E MATSANTA TEREZA PARAISOPOLIS,HOSPITAL FREI CAETANO E MATERNIDADE SANTA TEREZA
2168200,16,0,16,Pequeno,HOSPITAL SAO JOSE PASSABEM,FUNDACAO MUNICIPAL DE SAUDE DE PASSABEM
2764806,50,0,70,Pequeno,CASA DE CARIDADE DE PASSA QUATRO,CASA DE CARIDADE DE PASSA QUATRO
2144174,28,0,27,Pequeno,HOSPITAL SAO GABRIEL,SANTA CASA DE MISERICORDIA DE PASSA TEMPO
2761033,4,0,60,Pequeno,HOSPITAL OTTO KRAKAUER,FUNDACAO BENEFICENTE SAO JOAO DA ESCOCIA
2775999,331,65,1624,Grande,SANTA CASA DE MISERICORDIA DE PASSOS,SANTA CASA DE MISERICORDIA DE PASSOS
6235352,34,6,100,Pequeno,HOSPITAL SAO JOSE UNIMED,UNIMED SUDOESTE DE MINAS COOPERATIVA DE TRABALHO MEDICO
2196972,142,60,341,Medio,HOSPITAL SAO LUCAS,FUNAM FUNDACAO EDUCACIONAL ALTO E MEDIO SAO FRANCISCO
2197014,71,7,267,Medio,HOSPITAL NOSSA SENHORA DE FATIMA,CASA DE SAUDE E MATERNIDADE NOSSA SENHORA DE FATIMA LTDA
2197022,39,0,151,Pequeno,HOSPITAL IMACULADA CONCEICAO,CASA DE SAUDE IMACULADA CONCEICAO LTDA
2726726,140,18,732,Medio,HOSPITAL REGIONAL ANTONIO DIAS,FUNDACAO HOSPITALAR DO ESTADO DE MINAS GERAIS
2726734,94,20,321,Medio,HOSPITAL VERA CRUZ,CLINICA VERA CRUZ LTDA
3017362,9,0,36,Pequeno,HOSPITAL ACTUAL,ACTUAL CLINICA MEDICA E CIRURGICA LTDA
2152991,8,0,9,Pequeno,HOSPITAL DAS CLINICAS DE PATROCINIO LTDA,HOSPITAL DAS CLINICAS DE PATROCINIO LTDA
2209195,155,30,490,Grande,SANTA CASA DE MISERICORDIA NOSSA SENHORA DO PATROCINIO,IRMANDADE NOSSA SENHORA DO PATROCINIO
3218813,3,0,29,Pequeno,HOSPITAL DO CANCER DE PATROCINIO DR JOSE FIGUEIREDO,CENTRO ONCOLOGICO DR OCACYR DE SIQUEIRA
5406978,46,8,161,Pequeno,HOSPITAL E MATERNIDADE MED CENTER LTDA,HOSPITAL E MATERNIDADE MED CENTER LTDA
2103257,33,0,52,Pequeno,HOSPITAL SANTO ANTONIO,HOSPITAL SANTO ANTONIO
2139049,56,1,93,Medio,HEFA,HOSPITAL ESTER FARIA DE ALMEIDA
2127938,19,0,21,Pequeno,SANTA CASA DE MISERICORDIA DE PEDRALVA,SANTA CASA DE MISERICORDIA DE PEDRALVA
2154560,36,0,130,Pequeno,HOSPITAL E MATERNIDADE DR EUGENIO GOMES DE CARVALHO,INSTITUTO NACIONAL DE DESENVOLVIMENTO SOCIAL E HUMANO INDSH
6049265,48,0,179,Pequeno,HOSPITAL MUNICIPAL FRANCISCO GONCALVES,PREFEITURA MUNICIPAL DE PEDRO LEOPOLDO
2166305,19,0,30,Pequeno,SANTA CASA DE PERDIZES,SANTA CASA DE MISERICORDIA DR ALMEIDA MACHADO PERDIZES
2221985,53,0,70,Medio,SANTA CASA DE MISERICORDIA DE PERDOES,SANTA CASA DE MISERICORDIA DE PERDOES
2112647,14,2,22,Pequeno,PEQUENO HOSPITAL NOSSA SENHORA DA PIEDADE,OBRAS SOCIAIS DA PAROQUIA DE PIEDADE DO RIO GRANDE
2186276,20,0,25,Pequeno,SANTA CASA MUNICIPAL DE SAUDE DE PIMENTA,PREFEITURA MUNICIPAL DE PIMENTA
2109700,22,0,41,Pequeno,HOSPITAL SAO VICENTE DE PAULO,HOSPITAL SAO VICENTE DE PAULO
2195224,33,2,57,Pequeno,HOSPITAL MUNICIPAL DE PIRAPETINGA,FUNDACAO MUNICIPAL DE SAUDE DE PIRAPETINGA
2119528,104,22,226,Medio,HOSPITAL DR MOISES MAGALHAES FREIRE,FUNDACAO HOSPITALAR DR MOISES MAGALHAES FREIRE
5468361,20,0,20,Pequeno,HOSPITAL GERAL E PRONTO ATENDIMENTO UNIMED,UNIMED DE PIRAPORA COOPERATIVA DE TRABALHOS MEDICOS
2142406,56,0,81,Medio,SANTA CASA DE MISERICORDIA DE PITANGUI,IRMANDADE DE SANTA CASA DE MISERICORDIA DE PITANGUI
2776006,85,10,255,Medio,SANTA CASA DE MISERICORDIA DE PIUMHI,SANTA CASA DE MISERICORDIA DE PIUMHI
2167727,42,0,75,Pequeno,HOSPITAL DE GIMIRIM,HOSPITAL DE GIMIRIM
2129469,147,19,1069,Medio,SANTA CASA DE POCOS DE CALDAS,IRMANDADE DO HOSPITAL DA SANTA CASA DE POCOS DE CALDAS
2129566,144,30,623,Medio,HOSPITAL SANTA LUCIA HOSPITAL DO CORACAO,HOSPITAL MATERNIDADE E PRONTO SOCORRO SANTA LUCIA LTDA
2208903,117,21,315,Medio,HOSPITAL POCOS DE CALDAS,CLIMEPE TOTAL LTDA
3582647,81,8,487,Medio,HOSPITAL UNIMED PRONTO ATENDIMENTO,UNIMED POCOS DE CALDAS SOC COOPERATIVA DETRABALHOSERVMEDICOS
5484928,39,6,24,Pequeno,HOSPITAL SAO DOMINGOS,SOCIEDADE HOSPITALAR SIMAO INCROCCI E AMADO LTDA
2760959,20,2,23,Pequeno,HOSPITAL MUNICIPAL DE POCRANE,HOSPITAL MUNICIPAL JOSE VITOR DE PAULA
2178591,41,1,101,Pequeno,SANTA CASA DE MISERICORDIA DE POMPEU,SANTA CASA DE MISERICORDIA DE POMPEU
2111640,115,26,505,Medio,HOSPITAL NOSSA SENHORA DAS DORES,IRMANDADE HOSPITAL NOSSA SENHORA DAS DORES
2206382,151,20,485,Grande,HOSPITAL ARNALDO GAVAZZA FILHO,FUNDACAO FILANTROPICA E BENEF DE SAUDE ARNALDO GAVAZA FILHO
2205971,42,0,71,Pequeno,SANTA CASA E HOSPITAL SAO VICENTE,SANTA CASA DE MISERICORDIA E HOSPITAL SAO VICENTE DE PAULO
2178990,27,0,34,Pequeno,HOSPITAL SAO VICENTE DE PAULO DE POTE,HOSPITAL SAO VICENTE DE PAULO DE POTE
2127989,313,49,1245,Grande,HOSPITAL DAS CLIN SAMUEL LIBANIO POUSO ALEGRE,FUNDACAO ENSINO SUPERIOR DO VALE DO SAPUCAI
2761068,74,11,203,Medio,HOSPITAL RENASCENTISTA POUSO ALEGRE,ALKIMIM TEIXEIRA E TEIXEIRA SC LTDA POUSO ALEGRE
3050297,55,14,267,Medio,HOSPITAL E CLINICAS SANTA PAULA,HOSPITAL E CLINICAS SANTA PAULA LTDA
2776014,21,0,45,Pequeno,SANTA CASA DE MISERICORDIA SAO VICENTE DE PAULO,SANTA CASA DE MISERICORDIA SAO VICENTE DE PAULO
2123436,30,0,32,Pequeno,SANTA CASA DE PRADOS,SANTA CASA DE MISERICORDIA DA PAROQUIA DE PRADOS
2145685,20,1,53,Pequeno,HOSPITAL E MATERNIDADE RENASCER,ASS BEN AMIGOS HOSPITAL
2760967,14,0,30,Pequeno,HOSPITAL MUNICIPAL DE PRATAPOLIS,PREFEITURA MUNICIPAL DE PRATAPOLIS
2148471,16,0,39,Pequeno,HOSPITAL MUNICIPAL SANTO ANTONIO,PREFEITURA MUNICIPAL DE PRESIDENTE BERNARDES
2101432,21,0,51,Pequeno,HOSPITAL MUNICIPAL DARCI JOSE FERNANDES,PREF MUN DE PRESIDENTE OLEGARIO
2168553,46,0,86,Pequeno,HOSPITAL SAO SEBASTIAO DE RAUL SOARES,HOSPITAL SAO SEBASTIAO DE RAUL SOARES
2122618,24,0,49,Pequeno,HOSPITAL SAO SEBASTIAO DE RECREIO,HOSPITAL SAO SEBASTIAO DE RECREIO
2139626,65,2,85,Medio,HOSPITAL NOSSA SENHORA DO ROSARIO,ASSOCIACAO FILHAS DE SAO CAMILO
2168731,47,0,124,Pequeno,HOSPITAL NOSSA SENHORA DO CARMO,SOCIEDADE BENEFICIENTE SAO CAMILO
2756749,70,0,446,Medio,HOSPITAL MUNICIPAL SAO JUDAS TADEU,PREFEITURA MUNICIPAL DE RIBEIRAO DAS NEVES
3690822,0,0,14,Pequeno,UNIDADE AMB DO CENTRO DE PESQUISA TRATAMENTO DO CANCER,GRANDE ORIENTE DE MINAS GERAIS
2139960,15,0,25,Pequeno,HOSPITAL MUNICIPAL DE RIBEIRAO VERMELHO,PREFEITURA MUNICIPAL DE RIBEIRAO VERMELHO
2100363,26,0,49,Pequeno,HOSPITAL NOSSA SENHORA DA CONCEICAO RIO CASCA,HOSPITAL NOSSA SENHORA DA CONCEICAO RIO CASCA
2112531,20,2,29,Pequeno,HOSPITAL MUNICIPAL MATERNIDADE SAO FRANCISCO,MUNICIPIO DE RIO ESPERA
2184680,16,1,34,Pequeno,HOSPITAL MUN DONA MARIA CONCEICAO FANTINI VALERIO,PREF MUN DE RIO PARANAIBA
2119463,21,0,67,Pequeno,HOSPITAL TACITO DE FREITAS COSTA,FUNDACAO CORONEL JOAO DE ALMEIDA
2144611,41,0,29,Pequeno,HOSPITAL JULIA KUBITSCHEK,ASSISTENCIA SOCIAL DE RIO PIRACICABA
2149419,58,0,102,Medio,HOSPITAL SAO VICENTE DE PAULO RIO POMBA,HOSPITAL SAO VICENTE DE PAULO RIO POMBA
2796791,18,0,30,Pequeno,SANTA CASA MISERIOCORDIA DE RIO PRETO,IRMANDADE SANTA IZABEL
2135140,28,0,26,Pequeno,HOSPITAL JOAO CESAR DE OLIVEIRA,HOSPITAL JOAO CESAR DE OLIVEIRA
2139138,31,0,23,Pequeno,HOSPITAL SAO VICENTE DE PAULO,IRMANDADE SAO VICENTE DE PAULO
2115662,26,0,199,Pequeno,SABARA HOSPITAL CRISTIANO MACHADO,FUNDACAO HOSPITALAR DO ESTADO DE MINAS GERAIS
2117282,63,0,86,Medio,SABARA SANTA CASA DE MISERICORDIA DE SABARA,SANTA CASA DE MISERICORDIA DE SABARA
2135914,40,1,49,Pequeno,HOSPITAL SAO SEBASTIAO DE SABINOPOLIS,ASSOCIACAO DE CARIDADE HOSPITAL SAO SEBASTIAO
2109034,38,0,122,Pequeno,SANTA CASA DE MISERECORDIA DE SACRAMENTO,SANTA CASA DE MISERICORDIA DE SACRAMENTO
2204649,51,0,103,Medio,HOSPITAL MUNICIPAL DR OSWALDO PREDILIANO SANTANA,PREFEITURA MUNICIPAL DE SALINAS
2220482,29,0,24,Pequeno,POLICLINICA SALINENSE,POLICLINICA SALINENSE LTDA
2139111,23,0,32,Pequeno,HOSPITAL SENHOR DO BONFIM,FUNDACAO TINO DA CUNHA
2144638,55,0,97,Medio,SANTA CASA NOSSA SENHORA DAS MERCES,ASILO NOSSA SRA DO PERPETUO SOCORRO STA CASA N SRA MERCES
2180731,21,0,87,Pequeno,HOSPITAL MUNICIPAL DE SANTA JULIANA,PREFEITURA MUNICIPAL DE SANTA JULIANA
2164280,56,0,225,Medio,HOSPITAL MUNICIPAL DE SANTA LUZIA,MUNICIPIO DE SANTA LUZIA
2114143,40,1,55,Pequeno,HOSPITAL MUNICIPAL JATYR GUIMARAES DE PAULA,PREFEITURA MUNICIPAL DE SANTA MARGARIDA
2144565,11,0,15,Pequeno,HOSPITAL PADRE ESTEVAN,ASSOCIACAO DE PROTECAO A MATERNIDADE E A INFANCIA
2103990,37,0,42,Pequeno,HOSPITAL SANTA MARIA ETERNA,HOSPITAL SANTA MARIA ETERNA
2796570,16,0,30,Pequeno,HOSPITAL MONSENHOR MARCIANO,SANTA CASA DE MISERICORDIA DE STA RITA DE JACUTINGA
2208822,65,0,106,Medio,HOSPITAL ANTONIO MOREIRA DA COSTA STA RITA SAPUCAI,FUNDACAO SANTARITENSE DE SAUDE E ASSISTENCIA SOCIAL
2121808,28,0,48,Pequeno,HOSPITAL GENESIO FRANCO DE MORAIS,HOSPITAL GENESIO FRANCO DE MORAIS SC
2192128,57,9,196,Medio,HOSPITAL REGIONAL SAO SEBASTIAO,HOSPITAL SAO SEBASTIAO
2144026,52,0,96,Medio,SANTA CASA DE MISERICORDIA DE SANTO ANTONIO DO MONTE,SANTA CASA DE MISERICORDIA DE SANTO ANTONIO DO MONTE
2796562,73,6,268,Medio,HOSPITAL DE SANTOS DUMONT,HOSPITAL MISERICORDIA DE SANTOS DUMONT
2144573,45,1,45,Pequeno,HOSPITAL NOSSA SENHORA DAS DORES,HOSPITAL NOSSA SENHORA DAS DORES
2140098,47,0,156,Pequeno,UNIDADE MISTA MUNICIPAL DR BRICIO DE CASTRO DOURADO,PREFEITURA MUNICIPAL DE SAO FRANCISCO
2775913,67,1,66,Medio,SANTA CASA DE MIS SAO GONCALO DO SAPUCAI,SANTA CASA DE MISERICORDIA DE SAO GONCALO DO SAPUCAI
2100681,20,0,70,Pequeno,HOSPITAL MUNICIPAL DE SAO GOTARDO,HOSPITAL MUNICIPAL DE SAO GOTARDO
2100703,16,0,33,Pequeno,HOSPITAL PIO XII,EMPREENDIMENTOS PIOX II LTDA
2146517,29,4,53,Pequeno,HOSPITAL MUNICIPAL DONA CHIQUITA,PREFEITURA MUNICIPAL DE SAO JOAO BATISTA DO GLORIA
2119447,24,0,57,Pequeno,HOSPITAL SAO GERALDO,FUNDACAO MUNICIPAL DE ASSISTENCIA A SAUDE
2161354,142,29,722,Medio,SANTA CASA DA MISERICORDIA DE SAO JOAO DEL REI,SANTA CASA DA MISERICORDIA DE SAO JOAO DEL REI
2173565,87,11,599,Medio,HOSPITAL NOSSA SENHORA DAS MERCES,HOSPITAL NOSSA SENHORA DAS MERCES
2795299,59,1,41,Medio,HOSPITAL SAO JOAO DO PARAISO,FUNDACAO DE SAUDE DE SAO JOAO DO PARAISO
2102765,47,0,59,Pequeno,HOSPITAL SAO JOAO EVANGELISTA,FUNDACAO MUNICIPAL DE SAUDE DE SAO JOAO EVANGELISTA
2796619,50,0,143,Pequeno,HOSPITAL SAO JOAO,ASSOCIACAO CARIDADE SAO JOAO NEPOMUCENO
2764814,127,22,553,Medio,CASA DE CARIDADE DE SAO LOURENCO,HOSPITAL DA FUNDACAO CASA DE CARIDADE DE SAO LOURENCO
2140179,15,0,28,Pequeno,HOSPITAL ASSISTENCIAL MANOEL SIMOES CAXITO,HOSPITAL ASSISTENCIAL MANOEL SIMOES CAXITO
2147823,12,0,18,Pequeno,HOSPITAL MUNICIPAL SANTA MARTA,PREFEITURA MUNICIPAL DE SAO ROQUE DE MINAS
2146401,8,0,91,Pequeno,HOSPITAL E CENTRO DE ESPECIALIDADES GEDOR SILVEIRA,FUNDACAO SANATORIO GEDOR SILVEIRA
2146525,191,37,418,Grande,SANTA CASA DE PARAISO,SANTA CASA DE MISERICORDIA DE SAO SEBASTIAO DO PARAISO
2123711,50,0,33,Pequeno,HOSPITAL SAO VICENTE DE PAULO,HOSPITAL SAO VICENTE DE PAULO
2123231,35,1,39,Pequeno,HOSPITAL SAO VICENTE DE PAULO,HOSPITAL SAO VICENTE DE PAULO
2760851,23,0,33,Pequeno,HOSPITAL SAO JOAO DE DEUS,ASSOCIACAO DE CARIDADE SAO JOAO DE DEUS
2797364,15,0,47,Pequeno,HOSPITAL MUNICIPAL SERRA DO SALITRE,PREF MUN DE SERRA DO SALITRE
2168448,12,0,31,Pequeno,HOSPITAL NOSSA SENHORA APARECIDA,SOCIEDADE BENEFICENTE WALDEMAR MIGUEL
2202891,54,0,100,Medio,CASA CARIDADE SANTA TEREZA,CASA DE CARIDADE SANTA TEREZA
2109867,130,12,664,Medio,HOSPITAL MUNICIPAL MONSENHOR FLAVIO DAMATO,MUNICIPIO DE SETE LAGOAS
2206528,242,28,1239,Grande,HOSPITAL NOSSA SENHORA DAS GRACAS,IRMANDADE DE NOSSA SENHORA DAS GRACAS
2206544,36,0,227,Pequeno,HOSPITAL UNIMED,PRONTOCLINICA INFANTIL LTDA
7663285,33,6,204,Pequeno,HOSPITAL LIBERTAE MEDICAL CENTER,HOSPITAL DE ORTOPEDIA ORTOCENTER LTDA
2098369,111,20,326,Medio,HOSPITAL SANTO ANTONIO,FUNDACAO TAIOBEIRAS
2102595,47,0,65,Pequeno,HOSPITAL SAO SEBASTIAO DE TARUMIRIM,AHSST ASSOCIACAO HOSPITALAR SAO SEBASTIAO DE TARUMIRIM
2168537,14,0,88,Pequeno,HOSPITAL SANTO ANTONIO DE TEIXEIRAS,FUNDACAO MUNICIPAL DE SAUDE DE TEIXEIRAS
2184834,57,10,199,Medio,HOSPITAL BOM SAMARITANO,ASSOCIACAO BENEFICENTE BOM SAMARITANO
2208172,230,25,1520,Grande,HOSPITAL SANTA ROSALIA,ASSOCIACAO HOSPITALAR SANTA ROSALIA
2210924,50,11,244,Pequeno,HOSPITAL PHILADELFIA,HOSPITAL PHILADELFIA LTDA
2211254,88,0,208,Medio,HOSPITAL MUNICIPAL DR RAIMUNDO GOBIRA,PREFEITURA MUNICVIPAL DE TEOFILO OTONI
2140217,98,8,574,Medio,HOSPITAL E MATERNIDADE VITAL BRAZIL,SOCIEDADE BENEFICENTE SAO CAMILO
2194651,50,2,4,Pequeno,HOSPITAL SAO SEBASTIAO,HOSPITAL SAO SEBASTIAO
2760657,101,16,399,Medio,HOSPITAL SAO SEBASTIAO,FUNDACAO HOSPITALAR SAO SEBASTIAO
2775905,22,0,154,Pequeno,CASA DE SAUDE SANTA FE,FUNDACAO HOSPITALAR DO ESTADO DE MINAS GERAIS
7919468,33,0,2,Pequeno,HOSPITAL UNIMED TRES CORACOES,UNIMED TRES CORACOES COOPERATIVA DE TRAB MEDICO LTDA
2796112,43,1,128,Pequeno,HOSPITAL SAO FRANCISCO,FUNDACAO DE SAUDE TRES MARIAS
2139200,101,10,221,Medio,SANTA CASA DE MISERICORDIA DO HOSP SAO FRANCISCO DE ASSIS,SANTA CASA DE MISERICORDIA DO HOSP SAO FRANCISCO DE ASSIS
9676481,30,0,2,Pequeno,HOSPITAL UNIMED TRES PONTAS,UNIMED DE TRES PONTAS COOPERATIVA DE TRABALHO MEDICO
2135108,45,3,68,Pequeno,HOSPITAL SAO VICENTE TURMALINA,CONFERENCIA SAO VICENTE DE PAULO DE TURMALINA
2195429,20,0,150,Pequeno,CASA DE SAUDE PADRE DAMIAO,FUNDACAO HOSPITALAR DO ESTADO DE MINAS GERAIS
2195437,137,25,716,Medio,HOSPITAL SANTA ISABEL,ASSOCIACAO BENEFICIENTE CATOLICA
2760703,118,10,348,Medio,HOSPITAL SAO VICENTE DE PAULO DE UBA,IRMANDADE NOSSA SENHORA DA SAUDE
2764865,58,8,203,Medio,HOSPITAL SAO JANUARIO,CASA DE SAUDE SAO JANUARIO
2164795,9,0,153,Pequeno,HOSPITAL DA CRIANCA,HOSPITAL DA CRIANCA
2164825,18,0,106,Pequeno,HOSPITAL BENEFICENCIA PORTUGUESA,ASSOCIACAO PORTUGUESA DE BENEFICENCIA 1 DE DEZEMBRO
2165058,106,8,549,Medio,HOSPITAL DOUTOR HELIO ANGOTTI,ASSOCIACAO DE COMBATE AO CANCER DO BRASIL CENTRAL
2165066,6,0,22,Pequeno,HOSPITAL SANTA LUCIA LTDA,HOSPITAL SANTA LUCIA DE UBERABA LTDA
2165481,52,6,217,Medio,CASA DE SAUDE SAO JOSE,HOSPITAL SAO JOSE DE UBERABA LTDA
2195585,171,35,1616,Grande,CLINICAS INTEGRADAS HOSPITAL UNIVERSITARIO MARIO PALMERIO,SOCIEDADE EDUCACIONAL UBERABENSE UNIUBE
2195593,0,0,43,Pequeno,SERVICO INTEGRADO DE SAUDE DONA MARIA MODESTO CRAVO,SERVICO INTEGRADO DE SAUDE DONA MARIA MODESTO CRAVO
2206595,258,46,2037,Grande,HOSPITAL DE CLINICAS DA UFTM,UNIVERSIDADE FEDERAL DO TRIANGULO MINEIRO
3435075,31,10,167,Pequeno,HOSPITAL SAO MARCOS DE UBERABA LTDA,HOSPITAL SAO MARCOS DE UBERABA LTDA
7647891,124,18,599,Medio,HOSPITAL M SAO DOMINGOS NA PROVIDENCIA DE DEUS,ASSOCIACAO LAR SAO FRANCISCO DE ASSIS NA PROVIDENCIA DE DEUS
9141839,66,10,215,Medio,HOSPITAL REGIONAL JOSE ALENCAR,MUNICIPIO DE UBERABA
2146355,457,90,3221,Grande,HOSPITAL DE CLINICAS DE UBERLANDIA,UNIVERSIDADE FEDERAL DE UBERLANDIA
2151812,109,32,537,Medio,HOSPITAL SANTA GENOVEVA,HOSPITAL SANTA GENOVEVA LTDA
2151839,29,0,103,Pequeno,HOSPITAL DO TRIANGULO,HOSPITAL DE CLINICAS DO TRIANGULO LTDA
2151847,47,7,335,Pequeno,HOSPITAL SANTA MARTA,CASA DE SAUDE SANTA MARTA S A
2151855,97,27,470,Medio,HOSPITAL SANTA CATARINA,HOSPITAL SANTA CATARINA SA
2151863,0,0,27,Pequeno,CLINICA DOM BOSCO,CLINICA INFANTIL DOM BOSCO LTDA
2151871,63,29,240,Medio,HOSPITAL SANTA CLARA,HOSPITAL E MATERNIDADE SANTA CLARA LTDA
2209179,2,0,154,Pequeno,HOSPITAL ODONTOLOGICO DA UNIVERSIDADE FEDERAL DE UBERLANDIA,UNIVERSIDADE FEDERAL DE UBERLANDIA
2697254,2,0,42,Pequeno,ISO OLHOS,ISO OLHOS INSTITUTO DE SAUDE OCULAR LTDA
3597156,102,22,863,Medio,MADRECOR HOSPITAL,SOCIEDADE HOSPITALAR DE UBERLANDIA SA
3752178,24,0,37,Pequeno,HOSPITAL ORTHOMED CENTER,HOSPITAL ORTHOMED CENTER LTDA
6601804,208,65,1214,Grande,HOSPITAL E MATERNIDADE MUNICIPAL DR ODELMO LEAO CARNEIRO,PREFEITURA MUNICIPAL DE UBERLANDIA
7433867,54,0,8,Medio,UBERLANDIA MEDICAL CENTER,COMPLEXO HOSPITALAR UBERLANDIA S A
9336109,4,0,25,Pequeno,HC ALTA COLINA,MARTINS POVOA CAMPOLI LTDA
9495185,48,0,9,Pequeno,HEMODIN,HEMODIN SERVICOS MEDICOS LTDA
2760797,20,0,50,Pequeno,HOSPITAL SANTA HELENA,HOSPITAL SANTA HELENA LTDA
2760924,61,2,264,Medio,HOSPITAL MUNICIPAL DR JOAQUIM BROCHADO,PREFEITURA MUNICIPAL DE UNAI
2764849,16,0,31,Pequeno,CASA DE SAUDE E MATERNIDADE SANTA MONICA,CASA DE SAUDE SANTA MONICA LTDA
2796473,10,0,61,Pequeno,HOSPITAL SAO LUCAS,SOCIEDADE MEDICO HOSPITALAR DE UNAI LTDA
2206552,34,0,31,Pequeno,SANTA CASA DE UNIAO,SANTA CASA DE MISERICORDIA DE UNIAO
2119501,22,0,74,Pequeno,HOSPITAL MUNICIPAL GRICIA LISBOA DE REZENDE,PREFEITURA MUNICIPAL DE URUCUIA
2761041,170,40,959,Grande,HOSPITAL REGIONAL DO SUL DE MINAS,HOSPITAL REGIONAL DO SUL DE MINAS
2761092,119,10,697,Medio,HOSPITAL BOM PASTOR,FUNDACAO HOSPITALAR DO MUNICIPIO DE VARGINHA
2761319,84,0,539,Medio,HOSPITAL HUMANITAS UNIMED,UNIMED VARGINHA COOPERATIVA DE TRABALHO MEDICO
6363326,11,0,29,Pequeno,HOSPITAL VARGINHA,HOSPITAL VARGINHA S A
2147947,24,0,29,Pequeno,HOSPITAL ADOLF ENSCH,HOSPITAL ADOLF ENSCH LTDA
2149710,52,0,66,Medio,HOSPITAL MUNICIPAL E PRONTO SOCORRO DE VARZEA DA PALMA,PREFEITURA MUNICIPAL DE VARZEA DA PALMA
2104741,16,0,23,Pequeno,HOSPITAL NOSSA SENHORA APARECIDA,FUNDACAO HOSPITALAR DE SAUDE
2118092,26,0,76,Pequeno,HOSPITAL MUNICIPAL NOSSA SENHORA DA LAPA,PREFEITURA MUNICIPAL DE VAZANTE
6856209,89,1,130,Medio,VESPASIANO FUNDACAO VESPASIANENSE DE SAUDE,FUNDACAO VESPASIANENSE DE SAUDE
2099438,118,11,386,Medio,HOSPITAL SAO JOAO BATISTA,FUNDACAO ASSISTENCIAL VICOSENSE
2099454,115,16,357,Medio,HOSPITAL SAO SEBASTIAO,CASA DE CARIDADE DE VICOSA HOSITAL SAO SEBASTIAO
2134306,32,0,46,Pequeno,HOSPITAL SAO DOMINGOS,PREFEITURA MUNICIPAL DE VIRGEM DA LAPA
2764822,45,1,20,Pequeno,CASA DE CARIDADE SANTO ANTONIO,CASA DE CARIDADE SANTO ANTONIO
2144557,58,0,46,Medio,HOSPITAL SAO JOSE VIRGINOPOLIS,ASSOCIACAO DE PROTECAO E ASSIST A MATERNIDADE E A INFANCIA
2760843,93,10,170,Medio,HOSPITAL SAO JOAO BATISTA,ASSOCIACAO BENEFICENTE SAO JOAO BATISTA
